{
  "0": 3.0,
  "0.0038357": 3.0,
  "0.0328868": 3.0,
  "0.061034700000000004": 3.0,
  "0.0914291": 3.0,
  "0.12030130000000001": 3.0,
  "0.1490478": 3.0,
  "0.17761610000000003": 3.0,
  "0.2068032": 3.0,
  "0.2354212": 3.0,
  "0.2640842": 3.0,
  "0.29294159999999997": 3.0,
  "0.32160990000000006": 3.0,
  "0.3507642": 3.0,
  "0.37976590000000005": 3.0,
  "0.4094257": 3.0,
  "0.44248220000000005": 3.0,
  "0.47670250000000003": 3.0,
  "0.5106007": 3.0,
  "0.5456499": 3.0,
  "0.5805713": 3.0,
  "0.6097956": 3.0,
  "0.639128": 3.0,
  "0.6686943": 3.0,
  "0.69709930000000009": 3.0,
  "0.7266941": 3.0,
  "0.7615229": 3.0,
  "0.7965048": 3.0,
  "0.82630450000000011": 3.0,
  "0.85557890000000014": 3.0,
  "0.88443350000000009": 3.0,
  "0.91383340000000013": 3.0,
  "0.9436517": 3.0,
  "0.9726917": 3.0,
  "1.0022625": 3.0,
  "1.0317802000000003": 3.0,
  "1.0616142": 3.0,
  "1.0924727": 3.0,
  "1.1225316": 3.0,
  "1.1590862": 3.0,
  "1.1961772000000002": 3.0,
  "1.2334151000000002": 3.0,
  "1.2625525": 3.0,
  "1.2937675000000002": 3.0,
  "1.3232347": 3.0,
  "1.352583": 3.0,
  "1.3825659000000001": 3.0,
  "1.4195895": 3.0,
  "1.4563091000000001": 3.0,
  "1.4856270000000003": 3.0,
  "1.515476": 3.0,
  "1.5480632": 3.0,
  "1.5792617": 3.0,
  "1.6094306": 3.0,
  "1.6400640000000002": 3.0,
  "1.6698474": 3.0,
  "1.7004301": 3.0,
  "1.7305355000000002": 3.0,
  "1.7611009000000002": 3.0,
  "1.7987108": 3.0,
  "1.8357114": 3.0,
  "1.8734262000000002": 3.0,
  "1.9036275": 3.0,
  "1.9406251": 3.0,
  "1.9777191": 3.0,
  "2.0087897": 3.0,
  "2.0388627": 3.0,
  "2.0704049": 3.0,
  "2.1008097": 3.0,
  "2.1312653": 3.0,
  "2.1694896": 3.0,
  "2.2079884": 3.0,
  "2.2408252": 3.0,
  "2.2719267": 3.0,
  "2.302435": 3.0,
  "2.3330228": 3.0,
  "2.3633655000000005": 3.0,
  "2.4020915": 3.0,
  "2.4413974000000005": 3.0,
  "2.4784376999999997": 3.0,
  "2.5116157": 3.0,
  "2.5427638999999997": 3.0,
  "2.5742525": 3.0,
  "2.6143537": 3.0,
  "2.6539422": 3.0,
  "2.6951476000000003": 3.0,
  "2.7261148000000004": 3.0,
  "2.7670286": 3.0,
  "2.8069409": 3.0,
  "2.8479344": 3.0,
  "2.8890893": 3.0,
  "2.9199996": 3.0,
  "2.9506322": 3.0,
  "2.9812529": 3.0,
  "3.0123857000000003": 3.0,
  "3.0435723": 3.0,
  "3.0754327000000004": 3.0,
  "3.1070153": 3.0,
  "3.1387698": 3.0,
  "3.1701051000000002": 3.0,
  "3.2117825000000004": 3.0,
  "3.2531038000000003": 3.0,
  "3.2962962": 3.0,
  "3.3380415": 3.0,
  "3.3795814": 3.0,
  "3.4214029": 3.0,
  "3.4631426000000003": 3.0,
  "3.5061204000000004": 3.0,
  "3.5490512000000005": 3.0,
  "3.5908809": 3.0,
  "3.6240814": 3.0,
  "3.6560027": 3.0,
  "3.6871517000000003": 3.0,
  "3.7197989000000002": 3.0,
  "3.752105": 3.0,
  "3.7845872000000003": 3.0,
  "3.8169865": 3.0,
  "3.8496699000000003": 3.0,
  "3.8819090000000003": 3.0,
  "3.9142809": 3.0,
  "3.9473499000000003": 3.0,
  "3.9807401": 3.0,
  "4.0131967000000008": 3.0,
  "4.0454454": 3.0,
  "4.0789067": 3.0,
  "4.112987": 3.0,
  "4.1562003": 3.0,
  "4.1921931000000008": 3.0,
  "4.2254743": 3.0,
  "4.2579899": 3.0,
  "4.2910898000000008": 3.0,
  "4.3277205000000007": 3.0,
  "4.3621046": 3.0,
  "4.3966781": 3.0,
  "4.4295306": 3.0,
  "4.4631964": 3.0,
  "4.4961861": 3.0,
  "4.5291786": 3.0,
  "4.5623195": 3.0,
  "4.5963413": 3.0,
  "4.6296857": 3.0,
  "4.6633397000000008": 3.0,
  "4.6960392": 3.0,
  "4.7291185": 3.0,
  "4.7622719000000009": 3.0,
  "4.7952388": 3.0,
  "4.8291272": 3.0,
  "4.8621291": 3.0,
  "4.9064982": 3.0,
  "4.9529723000000008": 3.0,
  "5.001384": 3.0,
  "5.0350347": 3.0,
  "5.0681402": 3.0,
  "5.1011884": 3.0,
  "5.1452350000000004": 3.0,
  "5.1821748": 3.0,
  "5.2151976000000007": 3.0,
  "5.2490745000000008": 3.0,
  "5.2819704000000005": 3.0,
  "5.3157179999999995": 3.0,
  "5.3495461": 3.0,
  "5.3845945": 3.0,
  "5.4177453000000009": 3.0,
  "5.4517977": 3.0,
  "5.4852051": 3.0,
  "5.5193402": 3.0,
  "5.5526084": 3.0,
  "5.5869343": 3.0,
  "5.6209072": 3.0,
  "5.6551601": 3.0,
  "5.6894314": 3.0,
  "5.7232499000000008": 3.0,
  "5.7572746000000006": 3.0,
  "5.7908023": 3.0,
  "5.8249817": 3.0,
  "5.8592136": 3.0,
  "5.9073694": 3.0,
  "5.9596744": 3.0,
  "6.0107334": 3.0,
  "6.064059": 3.0,
  "6.1147811": 3.0,
  "6.1665239000000005": 3.0,
  "6.2002726": 3.0,
  "6.2351488": 3.0,
  "6.2691497": 3.0,
  "6.3035637000000007": 3.0,
  "6.3374138": 3.0,
  "6.3718114": 3.0,
  "6.406365000000001": 3.0,
  "6.4407219000000007": 3.0,
  "6.4753780999999995": 3.0,
  "6.5098325000000008": 3.0,
  "6.5440259": 3.0,
  "6.5792668": 3.0,
  "6.6148484000000005": 3.0,
  "6.6507904000000009": 3.0,
  "6.685622200000001": 3.0,
  "6.7208686000000011": 3.0,
  "6.7553774": 3.0,
  "6.7898320000000005": 3.0,
  "6.8264061": 3.0,
  "6.8629130000000007": 3.0,
  "6.9019301": 3.0,
  "6.9364208000000005": 3.0,
  "6.9728465": 3.0,
  "7.0093285000000005": 3.0,
  "7.0446191": 3.0,
  "7.0804598000000007": 3.0,
  "7.1153524000000008": 3.0,
  "7.1503212000000005": 3.0,
  "7.1850173": 3.0,
  "7.2197111000000005": 3.0,
  "7.2550982": 3.0,
  "7.2901731": 3.0,
  "7.3257111": 3.0,
  "7.3613721000000005": 3.0,
  "7.4142005": 3.0,
  "7.4663831": 3.0,
  "7.5019125": 3.0,
  "7.5370702000000005": 3.0,
  "7.5729757": 3.0,
  "7.6089418": 3.0,
  "7.6607593000000005": 3.0,
  "7.6960650000000008": 3.0,
  "7.7319915": 3.0,
  "7.7669127000000007": 3.0,
  "7.8164384": 3.0,
  "7.8665695000000007": 3.0,
  "7.9106263000000006": 3.0,
  "7.9461369000000008": 3.0,
  "7.9824479": 3.0,
  "8.0183378": 3.0,
  "8.0536364": 3.0,
  "8.0901505": 3.0,
  "8.126402": 3.0,
  "8.1625914": 3.0,
  "8.1997259": 3.0,
  "8.2366089": 3.0,
  "8.2730076000000015": 3.0,
  "8.3087956000000016": 3.0,
  "8.3451529": 3.0,
  "8.3814395": 3.0,
  "8.4327676000000018": 3.0,
  "8.4850616000000016": 3.0,
  "8.5218383": 3.0,
  "8.5579546": 3.0,
  "8.594596": 3.0,
  "8.642954": 3.0,
  "8.7078798": 3.0,
  "8.7446818": 3.0,
  "8.7819579000000019": 3.0,
  "8.8180156": 3.0,
  "8.8539241": 3.0,
  "8.9043353000000014": 3.0,
  "8.955421900000001": 3.0,
  "9.0050442": 3.0,
  "9.0415258": 3.0,
  "9.0839079": 3.0,
  "9.1375466": 3.0,
  "9.1897146": 3.0,
  "9.2267017": 3.0,
  "9.2640870000000017": 3.0,
  "9.3003313": 3.0,
  "9.3421575": 3.0,
  "9.3798405": 3.0,
  "9.4174786": 3.0,
  "9.4541257": 3.0,
  "9.4905328": 3.0,
  "9.5288162000000014": 3.0,
  "9.5667236000000013": 3.0,
  "9.6042147": 3.0,
  "9.641508": 3.0,
  "9.684802": 3.0,
  "9.7401916": 3.0,
  "9.777568500000001": 3.0,
  "9.8154372": 3.0,
  "9.8530032000000016": 3.0,
  "9.8895303": 3.0,
  "9.9272489": 3.0,
  "9.9647342": 3.0,
  "10.0022046": 3.0,
  "10.045724900000002": 3.0,
  "10.1030633": 3.0,
  "10.1638816": 3.0,
  "10.2018122": 3.0,
  "10.2394546": 3.0,
  "10.2768587": 3.0,
  "10.330001": 3.0,
  "10.389768400000001": 3.0,
  "10.4275676": 3.0,
  "10.4655599": 3.0,
  "10.5034364": 3.0,
  "10.541257100000001": 3.0,
  "10.5792461": 3.0,
  "10.6177806": 3.0,
  "10.6556666": 3.0,
  "10.6942509": 3.0,
  "10.733615499999999": 3.0,
  "10.772248300000001": 3.0,
  "10.8116841": 3.0,
  "10.850277100000001": 3.0,
  "10.8892102": 3.0,
  "10.928526": 3.0,
  "10.9679271": 3.0,
  "11.011787400000001": 3.0,
  "11.0511075": 3.0,
  "11.08896": 3.0,
  "11.127314400000001": 3.0,
  "11.184431700000001": 3.0,
  "11.223973299999999": 3.0,
  "11.2633135": 3.0,
  "11.3021394": 3.0,
  "11.3399985": 3.0,
  "11.3792989": 3.0,
  "11.4194837": 3.0,
  "11.4587112": 3.0,
  "11.497954100000001": 3.0,
  "11.5419514": 3.0,
  "11.582618400000001": 3.0,
  "11.622896200000001": 3.0,
  "11.662482299999999": 3.0,
  "11.7012139": 3.0,
  "11.7399663": 3.0,
  "11.778883300000002": 3.0,
  "11.8189727": 3.0,
  "11.8576031": 3.0,
  "11.8971469": 3.0,
  "11.952692700000002": 3.0,
  "12.011530700000002": 3.0,
  "12.0516365": 3.0
}